ts,team_id,rank,score,team,org,finish_time
2026-07-04 21:09,54685230,1,0.935814,ILoveIndeNavarrette,"Indian Institute of Technology (IIT), Guwahati",2026-07-03 23:40:59+05:30
2026-07-04 21:09,54103632,2,0.934286,EpochZero,"Indian Institute of Technology, Banaras Hindu University (II",2026-07-03 22:45:26+05:30
2026-07-04 21:09,54656747,3,0.933314,aryavart23,"Indian Institute of Technology (IIT), Kanpur",2026-07-04 14:31:43+05:30
2026-07-04 21:09,54606267,4,0.932886,Pls give job,"Indian Institute of Technology (IIT), Kharagpur",2026-07-04 14:20:47+05:30
2026-07-04 21:09,54687876,5,0.931629,orange,"Indian Institute of Technology (IIT), Guwahati",2026-07-03 22:41:38+05:30
2026-07-04 21:09,54208555,6,0.930229,S³,"Indian Institute of Management (IIM), Mumbai",2026-07-04 01:30:32+05:30
2026-07-04 21:09,54597580,7,0.930129,nishant.mittal25,"Indian Institute of Management (IIM), Bangalore",2026-07-03 01:28:39+05:30
2026-07-04 21:09,54150500,8,0.929857,She-E-Os,"Xavier School of Management (XLRI), Delhi",2026-07-04 01:51:25+05:30
2026-07-04 21:09,54067457,9,0.9296,Maglev,"Indian Institute of Management (IIM), Bangalore",2026-07-03 01:09:45+05:30
2026-07-04 21:09,54041031,10,0.929286,ACE,"Indian Institute of Technology (IIT), Guwahati",2026-07-03 23:20:15+05:30
2026-07-04 21:09,54156969,11,0.929143,Select,"Xavier School of Management (XLRI), Delhi",2026-07-04 18:21:34+05:30
2026-07-04 21:09,54415315,12,0.928929,Bye Bye Sarvam!,"Indian Institute of Technology (IIT), Kharagpur",2026-07-02 10:49:53+05:30
2026-07-04 21:09,54732754,13,0.9287,gijadi8245,"Indian Institute of Technology (IIT), Kharagpur",2026-07-04 16:10:44+05:30
2026-07-04 21:09,54710904,14,0.928671,hey_there,"Indian Institute of Technology (IIT), Kharagpur",2026-07-04 03:58:35+05:30
2026-07-04 21:09,54757895,14,0.928671,bahubali,"Indian Institute of Technology (IIT), Delhi",2026-07-04 18:11:04+05:30
2026-07-04 21:09,54591948,15,0.928657,i'm lost pls help,"Indian Institute of Technology (IIT), Kharagpur",2026-07-04 01:04:36+05:30
2026-07-04 21:09,54583218,16,0.928586,c.udayraj,"Indian Institute of Technology (IIT), Guwahati",2026-07-04 02:20:09+05:30
2026-07-04 21:09,54538553,17,0.928557,sushantpandey2612004,"Indian Institute of Technology (IIT), Kharagpur",2026-07-02 15:03:50+05:30
2026-07-04 21:09,54620916,18,0.928414,aryanlamba360,"Indian Institute of Technology (IIT), Kharagpur",2026-07-04 09:08:04+05:30
2026-07-04 21:09,54563873,19,0.928357,Shailendra,"Department of Management Studies (DoMS), Indian Institute of",2026-07-03 02:26:01+05:30
2026-07-04 21:09,54513190,20,0.928229,Sarvam,"Department of Management Studies (DoMS), Indian Institute of",2026-07-02 11:59:26+05:30
2026-07-04 21:09,54742587,21,0.928214,Imagine Losing,Xavier School of Management (XLRI),2026-07-04 19:16:21+05:30
2026-07-04 21:09,54626467,22,0.928129,b25090,"Xavier School of Management (XLRI), Jamshedpur",2026-07-03 22:28:11+05:30
2026-07-04 21:09,54662759,23,0.928071,abhay_here,"Indian Institute of Technology (IIT), Kharagpur",2026-07-04 01:59:31+05:30
2026-07-04 21:09,54630122,24,0.928057,capitals,"Birla Institute of Technology & Science, Pilani Campus",2026-07-04 02:37:05+05:30
2026-07-04 21:09,54585056,25,0.927957,Acers,"Indian Institute of Technology (IIT), Guwahati",2026-07-03 02:16:24+05:30
2026-07-04 21:09,54585173,26,0.927886,SamayRaina,"Indian Institute of Technology (IIT), Delhi",2026-07-03 00:21:56+05:30
2026-07-04 21:09,54599236,27,0.927714,please_intern_dedo,"Indian Institute of Technology (IIT), Roorkee",2026-07-04 07:15:52+05:30
2026-07-04 21:09,54239480,28,0.9277,b25102,"Xavier School of Management (XLRI), Jamshedpur",2026-07-03 22:14:15+05:30
2026-07-04 21:09,54351093,29,0.927429,ph1230208,"Indian Institute of Technology (IIT), Delhi",2026-07-02 16:36:52+05:30
2026-07-04 21:09,54567807,30,0.926971,bb_ti_HR36,"Indian Institute of Technology (IIT), Kharagpur",2026-07-02 22:52:29+05:30
2026-07-04 21:09,54583757,31,0.926871,adarsh.mishra.che24,"Indian Institute of Technology, Banaras Hindu University (II",2026-07-04 19:00:34+05:30
2026-07-04 21:09,54411441,32,0.926429,Thinkers,"Indian Institute of Technology (IIT), Guwahati",2026-07-04 01:27:44+05:30
2026-07-04 21:09,54712924,33,0.926243,gauraang006,"Birla Institute of Technology & Science, Pilani Campus",2026-07-04 04:23:51+05:30
2026-07-04 21:09,54153008,34,0.926029,Qwerty,"Xavier School of Management (XLRI), Jamshedpur",2026-07-03 13:11:34+05:30
2026-07-04 21:09,54342705,35,0.925929,The Big Bank Theory,"Indian Institute of Management (IIM), Kozhikode",2026-07-04 11:07:04+05:30
2026-07-04 21:09,54771621,36,0.925857,Famouse,"Indian Institute of Technology (IIT), Kharagpur",2026-07-04 17:46:15+05:30
2026-07-04 21:09,54523190,37,0.9258,Fodugang,"Indian Institute of Technology (IIT), Kharagpur",2026-07-02 16:39:38+05:30
2026-07-04 21:09,54599586,38,0.925786,21f2000272,"Indian Institute of Technology (IIT), Madras",2026-07-03 03:16:03+05:30
2026-07-04 21:09,54347357,39,0.925714,atharvbellikar,"Birla Institute of Technology & Science, Pilani Campus",2026-07-04 04:42:11+05:30
2026-07-04 21:09,54394899,40,0.9254,Alpha,"SP Jain Institute of Management and Research (SPJIMR), Mumba",2026-07-02 18:11:41+05:30
2026-07-04 21:09,54305187,41,0.925271,LameX,"Indian Institute of Technology, Banaras Hindu University (II",2026-07-04 17:56:30+05:30
2026-07-04 21:09,54640735,42,0.925214,Mahishmati,"Indian Institute of Technology (IIT), Guwahati",2026-07-04 00:48:16+05:30
2026-07-04 21:09,54595778,43,0.925171,kshitij.rana25,"Indian Institute of Management (IIM), Bangalore",2026-07-03 00:53:25+05:30
2026-07-04 21:09,54506688,44,0.924743,SNIPER,"Department of Management Studies (DMS), Indian Institute of ",2026-07-03 03:21:59+05:30
2026-07-04 21:09,54495733,45,0.924686,math_lovers,"Indian Institute of Technology (IIT), Kharagpur",2026-07-01 22:37:00+05:30
2026-07-04 21:09,54630993,46,0.923743,nikhilpandey6159,Chennai Mathematical Institute,2026-07-03 15:32:24+05:30
2026-07-04 21:09,54488624,46,0.923743,Place Holder,"Indian Institute of Management (IIM), Lucknow",2026-07-03 15:37:29+05:30
2026-07-04 21:09,54708721,47,0.923371,atharvsoni1208,"Indian Institute of Technology (IIT), Guwahati",2026-07-04 12:04:28+05:30
2026-07-04 21:09,54712381,48,0.923229,pranitsaluja007,"Birla Institute of Technology & Science, Pilani Campus",2026-07-04 03:24:51+05:30
2026-07-04 21:09,54343087,49,0.922843,Geoparadise,"Xavier School of Management (XLRI), Jamshedpur",2026-07-04 12:50:34+05:30
2026-07-04 21:09,54636836,50,0.922829,pgdm25shreya_s,"Management Development Institute (MDI), Gurgaon",2026-07-04 04:14:41+05:30
2026-07-04 21:09,54546154,50,0.922829,MnM,"Management Development Institute (MDI), Gurgaon",2026-07-04 05:07:16+05:30
2026-07-04 21:09,54734410,51,0.922814,p25prathamg,"Indian Institute of Management (IIM), Indore",2026-07-04 18:51:24+05:30
2026-07-04 21:09,54678119,52,0.922186,RTC,"Indian Institute of Technology (IIT), Delhi",2026-07-04 14:25:05+05:30
2026-07-04 21:09,54159199,53,0.921957,AMex,"Indian Institute of Technology (IIT), Delhi",2026-07-02 03:49:45+05:30
2026-07-04 21:09,54075288,54,0.921943,NullHypothesis,"Indian Institute of Technology (IIT), Delhi",2026-07-02 03:28:50+05:30
2026-07-04 21:09,54701189,55,0.9219,abhishekku23,"Indian Institute of Technology (IIT), Kanpur",2026-07-04 12:09:02+05:30
2026-07-04 21:09,54385196,55,0.9219,53,"Indian Institute of Technology (IIT), Kanpur",2026-07-04 18:43:49+05:30
2026-07-04 21:09,54325593,56,0.921643,IIT_Kanpur Express,"Indian Institute of Technology (IIT), Kanpur",2026-07-04 19:57:15+05:30
2026-07-04 21:09,54709074,57,0.921214,India One,"Indian Institute of Technology (IIT), Delhi",2026-07-04 18:03:22+05:30
2026-07-04 21:09,54714503,58,0.9211,Chole bhature,"Indian Institute of Technology (IIT), Roorkee",2026-07-04 07:17:12+05:30
2026-07-04 21:09,54093847,59,0.9209,North Star,"Management Development Institute (MDI), Gurgaon",2026-07-03 13:35:57+05:30
2026-07-04 21:09,54225636,60,0.920214,WakaWaka,"Indian Institute of Technology (IIT), Hyderabad",2026-07-04 13:38:17+05:30
2026-07-04 21:09,54697345,61,0.920057,simba,"Narsee Monjee Institute of Management Studies (NMIMS), Mumba",2026-07-04 20:53:47+05:30
2026-07-04 21:09,54682062,62,0.919714,pgp25.pragya,"SP Jain Institute of Management and Research (SPJIMR), Mumba",2026-07-04 12:01:46+05:30
2026-07-04 21:09,54576756,63,0.919643,Chuhiya,"Department of Management Studies (DoMS), Indian Institute of",2026-07-04 17:49:45+05:30
2026-07-04 21:09,54713978,64,0.919443,wushang clan,"Indian Institute of Technology (IIT), Ropar",2026-07-04 08:28:36+05:30
2026-07-04 21:09,54477095,65,0.919414,Randoms,"Indian Institute of Technology (IIT), Madras",2026-07-03 01:30:56+05:30
2026-07-04 21:09,54512572,66,0.919314,Aerocitysehlaadle,"Indian Institute of Technology (IIT), Kanpur",2026-07-03 02:06:22+05:30
2026-07-04 21:09,54409447,67,0.919143,iamkrish.kukeja.24,"Indian Institute of Technology (IIT), Kharagpur",2026-07-03 20:55:19+05:30
2026-07-04 21:09,54657192,68,0.919,pgp25.manmeet,"SP Jain Institute of Management and Research (SPJIMR), Mumba",2026-07-04 13:32:07+05:30
2026-07-04 21:09,54150834,69,0.918971,OLTGrind,"Indian Institute of Technology (IIT), Kharagpur",2026-07-03 16:42:01+05:30
2026-07-04 21:09,54617890,70,0.918957,bruh,"Indian Institute of Technology (IIT), Bombay",2026-07-03 14:57:51+05:30
2026-07-04 21:09,54338827,71,0.9188,Triple Bottom Line,"SP Jain Institute of Management and Research (SPJIMR), Mumba",2026-07-04 12:14:24+05:30
2026-07-04 21:09,54412275,72,0.918743,noida,"Indian Institute of Technology (IIT), Delhi",2026-07-03 20:40:26+05:30
2026-07-04 21:09,54594145,73,0.918586,16*2=8,"Indian Institute of Technology (IIT), Kanpur",2026-07-03 01:46:16+05:30
2026-07-04 21:09,54786256,74,0.918129,pppap0044,"Indian Institute of Technology (IIT), Kanpur",2026-07-04 19:49:24+05:30
2026-07-04 21:09,54588068,75,0.918057,The Bluechip Advisor,"Indian Institute of Technology (IIT), Guwahati",2026-07-03 20:47:47+05:30
2026-07-04 21:09,54292606,76,0.917971,pgp41260,"Indian Institute of Management (IIM), Lucknow",2026-07-04 18:27:19+05:30
2026-07-04 21:09,54753707,77,0.917643,nimayagrawal11,"Indian Institute of Technology (IIT), Kharagpur",2026-07-04 19:59:33+05:30
2026-07-04 21:09,54698145,78,0.917443,suyash.bhadauria007,"Birla Institute of Technology & Science, Pilani Campus",2026-07-04 16:33:34+05:30
2026-07-04 21:09,54200301,79,0.917429,Fast & Curious,"SP Jain Institute of Management and Research (SPJIMR), Mumba",2026-07-03 22:49:29+05:30
2026-07-04 21:09,54689053,80,0.917386,Random ML,"Management Development Institute (MDI), Gurgaon",2026-07-03 21:32:30+05:30
2026-07-04 21:09,54393079,82,0.917114,h25007,Xavier School of Management (XLRI),2026-07-04 20:44:40+05:30
2026-07-04 21:09,54650327,83,0.916957,Rockstar,"SP Jain Institute of Management and Research (SPJIMR), Mumba",2026-07-04 14:13:14+05:30
2026-07-04 21:09,54493946,84,0.9166,Potato,"Indian Institute of Technology (IIT), Delhi",2026-07-01 21:53:31+05:30
2026-07-04 21:09,54082154,85,0.916543,MAK & Cheese,"Department of Management Studies (DMS), Indian Institute of ",2026-07-04 15:02:50+05:30
2026-07-04 21:09,54592343,86,0.916186,chugli!!!!,"Birla Institute of Technology & Science, Pilani Campus",2026-07-03 11:30:23+05:30
2026-07-04 21:09,54727081,87,0.916171,ras69208,"Indian Institute of Technology (IIT), Delhi",2026-07-04 18:20:02+05:30
2026-07-04 21:25,54806608,16,0.928586,nazar_is_real,"Indian Institute of Technology (IIT), Guwahati",2026-07-04 21:08:49+05:30
2026-07-04 21:40,54753707,68,0.9191,nimayagrawal11,"Indian Institute of Technology (IIT), Kharagpur",2026-07-04 21:28:27+05:30
2026-07-04 21:55,54657192,12,0.929029,pgp25.manmeet,"SP Jain Institute of Management and Research (SPJIMR), Mumba",2026-07-04 21:34:38+05:30
2026-07-04 22:10,54218574,4,0.9329,Aura Monster,"Indian Institute of Technology (IIT), Kharagpur",2026-07-04 21:53:11+05:30
2026-07-04 22:10,54806608,15,0.928743,nazar_is_real,"Indian Institute of Technology (IIT), Guwahati",2026-07-04 21:55:49+05:30
2026-07-05 12:29,54156969,7,0.931171,Select,"Xavier School of Management (XLRI), Delhi",2026-07-04 23:41:06+05:30
2026-07-05 12:29,54826954,8,0.930686,navylover2916,"Birla Institute of Technology & Science, Pilani Campus",2026-07-05 03:24:14+05:30
2026-07-05 12:29,54810573,9,0.9306,Gamma,"Indian Institute of Technology (IIT), Madras",2026-07-05 11:59:39+05:30
2026-07-05 12:29,54826861,12,0.930086,arjun.jha.leo,"Birla Institute of Technology & Science, Pilani Campus",2026-07-05 02:59:31+05:30
2026-07-05 12:29,54757895,13,0.930029,bahubali,"Indian Institute of Technology (IIT), Delhi",2026-07-05 01:06:52+05:30
2026-07-05 12:29,54742587,15,0.929629,Imagine Losing,Xavier School of Management (XLRI),2026-07-04 22:19:48+05:30
2026-07-05 12:29,54583757,26,0.928471,adarsh.mishra.che24,"Indian Institute of Technology, Banaras Hindu University (II",2026-07-04 23:08:45+05:30
2026-07-05 12:29,54825391,37,0.927571,ayushmanbahinipati13,"Birla Institute of Technology & Science, Pilani Campus",2026-07-05 01:55:11+05:30
2026-07-05 12:29,54823447,39,0.9273,jvy257626,"Indian Institute of Technology (IIT), Delhi",2026-07-05 00:54:52+05:30
2026-07-05 12:29,54818459,41,0.926914,jangiddinesh748,"Indian Institute of Technology, Banaras Hindu University (II",2026-07-05 10:49:55+05:30
2026-07-05 12:29,54808130,42,0.926429,himraj3600,"Indian Institute of Management (IIM), Bangalore",2026-07-05 11:06:15+05:30
2026-07-05 12:29,54154853,42,0.926429,varnima.agarwal26,"Indian Institute of Management (IIM), Bangalore",2026-07-05 11:27:51+05:30
2026-07-05 12:29,54827211,44,0.9261,riyalsivam,"Indian Institute of Technology (IIT), Delhi",2026-07-05 03:18:42+05:30
2026-07-05 12:29,54396065,55,0.925143,Team_R,"Indian Institute of Management (IIM), Mumbai",2026-07-05 02:54:11+05:30
2026-07-05 12:29,54655361,58,0.924357,a105,"Indian Institute of Technology (IIT), Kanpur",2026-07-05 07:25:52+05:30
2026-07-05 12:29,54621887,59,0.924343,mahirc24,"Indian Institute of Technology (IIT), Kanpur",2026-07-05 07:21:30+05:30
2026-07-05 12:29,54817711,60,0.924329,varshith_s,"Indian Institute of Technology (IIT), Roorkee",2026-07-05 00:14:24+05:30
2026-07-05 12:29,54815086,62,0.923429,Tudududu,"Indian Institute of Technology (IIT), Delhi",2026-07-05 11:23:49+05:30
2026-07-05 12:29,54678119,66,0.922829,RTC,"Indian Institute of Technology (IIT), Delhi",2026-07-04 22:19:57+05:30
2026-07-05 12:29,54598332,68,0.9224,yessir,"Indian Institute of Management (IIM), Kozhikode",2026-07-05 02:45:59+05:30
2026-07-05 12:29,54648077,69,0.922129,shivam1308sah,"Indian Institute of Technology (IIT), Kanpur",2026-07-05 02:29:19+05:30
2026-07-05 12:29,54823430,70,0.922071,The Heros,"Indian Institute of Technology (IIT), Delhi",2026-07-05 02:13:42+05:30
2026-07-05 12:29,54697345,75,0.921243,simba,"Narsee Monjee Institute of Management Studies (NMIMS), Mumba",2026-07-05 02:01:15+05:30
2026-07-05 12:29,54828053,76,0.921214,kritanshuppal.bt24cse,"Delhi School of Economics (DSE), New Delhi",2026-07-05 05:44:48+05:30
2026-07-05 12:29,54763549,79,0.920886,DRAMA CLUB,"Indian Institute of Technology (IIT), Kharagpur",2026-07-05 11:31:26+05:30
2026-07-05 12:29,54379011,80,0.9205,BlackDogCommandos,"Indian Institute of Technology (IIT), Kanpur",2026-07-04 23:41:21+05:30
2026-07-05 12:29,54034831,83,0.919657,Amex,"Indian Institute of Foreign Trade (IIFT), New Delhi",2026-07-04 23:40:48+05:30
2026-07-05 12:45,54411441,41,0.926943,Thinkers,"Indian Institute of Technology (IIT), Guwahati",2026-07-05 12:17:16+05:30
2026-07-05 12:45,54825533,49,0.925843,strat_amex,"Department of Management Studies (DoMS), Indian Institute of",2026-07-05 12:33:16+05:30
2026-07-05 12:45,54535356,58,0.924886,lesgoo,"Indian Institute of Technology (IIT), Roorkee",2026-07-05 12:24:26+05:30
2026-07-05 12:45,54151527,63,0.924329,Hustlers,"Indian Institute of Technology (IIT), Hyderabad",2026-07-05 12:31:05+05:30
2026-07-05 12:45,54817986,77,0.9218,shrirangpatel2006,"Indian Institute of Technology (IIT), Kharagpur",2026-07-05 12:22:32+05:30
2026-07-05 13:00,54825533,43,0.926729,strat_amex,"Department of Management Studies (DoMS), Indian Institute of",2026-07-05 12:57:35+05:30
2026-07-05 13:00,54535356,55,0.925214,lesgoo,"Indian Institute of Technology (IIT), Roorkee",2026-07-05 12:46:52+05:30
2026-07-05 13:15,54810573,8,0.930743,Gamma,"Indian Institute of Technology (IIT), Madras",2026-07-05 13:06:57+05:30
2026-07-05 13:15,54825533,35,0.927857,strat_amex,"Department of Management Studies (DoMS), Indian Institute of",2026-07-05 13:07:03+05:30
2026-07-05 13:31,54806202,10,0.9306,jeshwanthsreeram,"Indian Institute of Technology (IIT), Guwahati",2026-07-05 13:20:03+05:30
2026-07-05 13:31,54597579,22,0.928729,VISHU24,"Indian Institute of Technology (IIT), Kanpur",2026-07-05 13:28:29+05:30
2026-07-05 13:46,54600408,19,0.9292,abhijitjagtap2805,"Indian Institute of Technology (IIT), Kanpur",2026-07-05 13:41:29+05:30
2026-07-05 13:46,54034831,56,0.925414,Amex,"Indian Institute of Foreign Trade (IIFT), New Delhi",2026-07-05 13:31:29+05:30
2026-07-05 14:01,54305187,32,0.928329,LameX,"Indian Institute of Technology, Banaras Hindu University (II",2026-07-05 13:52:15+05:30
2026-07-05 14:46,54600408,2,0.934657,SLA24,"Indian Institute of Technology (IIT), Kanpur",2026-07-05 14:44:16+05:30
2026-07-05 14:46,54863738,9,0.930757,b25058,Xavier School of Management (XLRI),2026-07-05 14:41:48+05:30
2026-07-05 14:46,54862510,72,0.922986,skibidee,"Indian Institute of Management (IIM), Kozhikode",2026-07-05 14:42:19+05:30
2026-07-05 15:01,54621887,39,0.927929,VNN,"Indian Institute of Technology (IIT), Kanpur",2026-07-05 14:55:01+05:30
2026-07-05 15:01,54862510,66,0.924514,skibidee,"Indian Institute of Management (IIM), Kozhikode",2026-07-05 14:46:10+05:30
2026-07-05 15:01,54598332,69,0.923843,yessir,"Indian Institute of Management (IIM), Kozhikode",2026-07-05 14:50:51+05:30
2026-07-05 15:16,54655361,38,0.927971,a105,"Indian Institute of Technology (IIT), Kanpur",2026-07-05 15:11:41+05:30
2026-07-05 15:47,54473285,60,0.9257,ripAXX,"Indian Institute of Technology (IIT), Kanpur",2026-07-05 15:39:33+05:30
2026-07-05 15:47,54193643,71,0.923743,Supernova,"Indian Institute of Management (IIM), Lucknow",2026-07-05 15:37:27+05:30
2026-07-05 16:17,54869536,77,0.922814,lmao,"Delhi School of Economics (DSE), New Delhi",2026-07-05 16:08:38+05:30
2026-07-05 16:47,54463046,20,0.9295,GP,Chennai Mathematical Institute,2026-07-05 16:42:17+05:30
2026-07-05 16:47,54874303,49,0.927043,ishanvirsingh.bt24cse,"Delhi School of Economics (DSE), New Delhi",2026-07-05 16:44:46+05:30
2026-07-05 17:02,54874303,44,0.927729,ishanvirsingh.bt24cse,"Delhi School of Economics (DSE), New Delhi",2026-07-05 16:53:57+05:30
2026-07-05 17:18,54657192,14,0.930129,pgp25.manmeet,"SP Jain Institute of Management and Research (SPJIMR), Mumba",2026-07-05 17:12:29+05:30
2026-07-05 17:18,54874303,22,0.929214,ishanvirsingh.bt24cse,"Delhi School of Economics (DSE), New Delhi",2026-07-05 17:08:48+05:30
2026-07-05 17:18,54875614,47,0.927543,ruzumath,"Indian Institute of Technology (IIT), Kanpur",2026-07-05 17:12:35+05:30
2026-07-05 17:18,54857355,65,0.925314,cgadak,"Indian Institute of Technology (IIT), Kanpur",2026-07-05 17:07:55+05:30
2026-07-05 17:33,54463046,7,0.932357,GP,Chennai Mathematical Institute,2026-07-05 17:23:37+05:30
2026-07-05 17:33,54630122,23,0.929057,capitals,"Birla Institute of Technology & Science, Pilani Campus",2026-07-05 17:17:16+05:30
2026-07-05 17:48,54875614,37,0.9282,ruzumath,"Indian Institute of Technology (IIT), Kanpur",2026-07-05 17:32:54+05:30
2026-07-05 18:03,54879529,25,0.928886,Thalapathy,"Indian Institute of Technology (IIT), Delhi",2026-07-05 17:48:34+05:30
2026-07-05 18:03,54875614,37,0.928314,ruzumath,"Indian Institute of Technology (IIT), Kanpur",2026-07-05 17:59:12+05:30
2026-07-05 18:18,54857355,9,0.9313,cgadak,"Indian Institute of Technology (IIT), Kanpur",2026-07-05 18:02:14+05:30
2026-07-05 18:18,54875614,23,0.929229,ruzumath,"Indian Institute of Technology (IIT), Kanpur",2026-07-05 18:04:05+05:30
2026-07-05 18:18,54599581,23,0.929229,Hot chocolate,"Indian Institute of Technology (IIT), Madras",2026-07-05 18:12:44+05:30
2026-07-05 18:33,54879529,11,0.9308,Thalapathy,"Indian Institute of Technology (IIT), Delhi",2026-07-05 18:15:41+05:30
2026-07-05 18:33,54882122,21,0.9298,ddepanshu973,"Delhi School of Economics (DSE), New Delhi",2026-07-05 18:26:31+05:30
2026-07-05 18:48,54599581,24,0.929514,Hot chocolate,"Indian Institute of Technology (IIT), Madras",2026-07-05 18:34:00+05:30
2026-07-05 18:48,54305187,26,0.929257,LameX,"Indian Institute of Technology, Banaras Hindu University (II",2026-07-05 18:43:55+05:30
2026-07-05 19:04,54866743,54,0.927,22f3000817,"Indian Institute of Technology (IIT), Madras",2026-07-05 18:46:04+05:30
2026-07-05 20:04,54465701,68,0.925443,amexteam,"Madras School of Economics (MSE), Chennai",2026-07-05 19:57:51+05:30
2026-07-05 20:04,54655458,77,0.924443,test,"Indian Institute of Management (IIM), Mumbai",2026-07-05 19:46:05+05:30
2026-07-05 20:19,54786256,79,0.924157,pppap0044,"Indian Institute of Technology (IIT), Kanpur",2026-07-05 20:05:44+05:30
2026-07-05 21:05,54162791,68,0.925643,teamdelta,"Indian Institute of Management (IIM), Mumbai",2026-07-05 20:46:14+05:30
2026-07-05 21:35,54865687,73,0.9252,ritik.chandra009,"Indian Institute of Technology (IIT), Kharagpur",2026-07-05 21:22:46+05:30
2026-07-05 22:06,54806202,11,0.930843,RSA512,"Indian Institute of Technology (IIT), Guwahati",2026-07-05 21:50:15+05:30
2026-07-05 22:06,54865687,29,0.929129,ritik.chandra009,"Indian Institute of Technology (IIT), Kharagpur",2026-07-05 21:59:37+05:30
2026-07-05 22:06,54897489,82,0.9241,singhkarnail1977,"Indian Institute of Technology (IIT), Bombay",2026-07-05 21:55:01+05:30
2026-07-05 22:21,54806202,11,0.930929,RSA512,"Indian Institute of Technology (IIT), Guwahati",2026-07-05 22:03:52+05:30
2026-07-05 22:21,54899166,72,0.9254,22f3000937,"Indian Institute of Technology (IIT), Madras",2026-07-05 22:14:05+05:30
2026-07-05 22:36,54806202,9,0.931543,RSA512,"Indian Institute of Technology (IIT), Guwahati",2026-07-05 22:23:20+05:30
2026-07-05 22:36,54899166,29,0.929157,22f3000937,"Indian Institute of Technology (IIT), Madras",2026-07-05 22:27:55+05:30
2026-07-05 22:51,54892185,24,0.929529,ankitiitk24,"Indian Institute of Technology (IIT), Kanpur",2026-07-05 22:34:26+05:30
2026-07-05 22:51,54879367,84,0.924114,pgp41425,"Indian Institute of Management (IIM), Lucknow",2026-07-05 22:44:45+05:30
