max_err,rmse,a6,a8,a9,a10,y,L,kappa,r21,s19,imput
0.01156999999999997,0.005963314148158672,0.0,2.0,6.0,0.0,16.0,120.0,0.0,1.0,0.0,1.0
0.011579999999999924,0.005989888090217811,0.0,2.0,6.0,0.0,16.0,120.0,0.0,0.0,0.0,1.0
0.011660000000000004,0.0059923764592713594,0.0,2.0,6.0,0.0,16.0,120.0,0.0,0.0,0.3,1.0
0.011660000000000004,0.0059823078105979,0.0,2.0,6.0,0.0,16.0,120.0,0.0,1.0,0.3,1.0
0.01200000000000001,0.005912434987505678,0.0,2.0,6.0,0.0,16.0,120.0,0.0,1.0,0.0,0.0
0.0121,0.005920328638275491,0.0,2.0,6.0,0.0,16.0,120.0,0.0,1.0,0.3,0.0
0.01211000000000001,0.005928357532827864,0.0,2.0,6.0,0.0,16.0,120.0,0.0,0.0,0.0,0.0
0.012199999999999989,0.005951458028640249,0.0,2.0,6.0,0.0,16.0,120.0,0.0,0.0,0.3,0.0
0.012400000000000078,0.0081122219224155,0.0,2.0,8.0,1.0,16.0,100.0,0.0,1.0,0.0,0.0
0.012420000000000098,0.008107008403798488,0.0,2.0,8.0,1.0,16.0,100.0,0.0,0.0,0.3,0.0
0.012430000000000052,0.008102765513265385,0.0,2.0,8.0,1.0,16.0,100.0,0.0,1.0,0.3,0.0
0.012440000000000007,0.008129487483275962,0.0,2.0,8.0,1.0,16.0,100.0,0.0,0.0,0.0,0.0
0.012699999999999934,0.006795395668855208,0.0,0.0,6.0,0.0,14.0,100.0,0.0,0.0,0.0,0.0
0.012719999999999954,0.0067827885175695875,0.0,0.0,6.0,0.0,14.0,100.0,0.0,1.0,0.0,0.0
0.012859999999999983,0.006762460219640644,0.0,0.0,6.0,0.0,14.0,100.0,0.0,1.0,0.3,0.0
0.012959999999999972,0.006788996058437599,0.0,0.0,6.0,0.0,14.0,100.0,0.0,0.0,0.3,0.0
0.012959999999999972,0.007455686177030931,0.0,1.0,6.0,0.0,14.0,100.0,0.0,1.0,0.3,1.0
0.012969999999999982,0.0075092614471385455,0.0,1.0,6.0,0.0,14.0,100.0,0.0,1.0,0.0,1.0
0.012970000000000037,0.007779490943071619,0.0,1.0,8.0,0.5,14.0,80.0,0.0,1.0,0.3,0.0
0.013000000000000012,0.007518673893121783,0.0,1.0,6.0,0.0,14.0,100.0,0.0,0.0,0.0,1.0
0.013000000000000012,0.007797605620150807,0.0,1.0,8.0,0.5,14.0,80.0,0.0,0.0,0.3,0.0
0.013009999999999966,0.007836612131763546,0.0,1.0,8.0,0.5,14.0,80.0,0.0,0.0,0.0,0.0
0.013020000000000032,0.007826218570364049,0.0,1.0,8.0,0.5,14.0,80.0,0.0,1.0,0.0,0.0
0.013029999999999986,0.007484100188374647,0.0,1.0,6.0,0.0,14.0,100.0,0.0,0.0,0.3,1.0
0.013129999999999975,0.0076096284573728915,0.0,2.0,8.0,0.0,14.0,80.0,0.0,0.0,0.3,0.0
0.01313999999999993,0.006987539974045852,0.0,2.0,6.0,0.0,16.0,100.0,0.0,0.0,0.0,0.0
0.01314000000000004,0.0076073723063491226,0.0,2.0,8.0,0.0,14.0,80.0,0.0,1.0,0.3,0.0
0.01315999999999995,0.006969266984145184,0.0,2.0,6.0,0.0,16.0,100.0,0.0,1.0,0.0,0.0
0.013179000000000052,0.00791143415851035,0.0,2.0,6.0,0.5,16.0,120.0,0.0,0.0,0.3,1.0
0.013209000000000026,0.007791530734405457,0.0,1.0,6.0,0.5,16.0,120.0,0.0,1.0,0.0,1.0
0.01322000000000001,0.007622184196536183,0.0,2.0,8.0,0.0,14.0,80.0,0.0,0.0,0.0,0.0
0.013239,0.00782207588720442,0.0,1.0,6.0,0.5,16.0,120.0,0.0,0.0,0.0,1.0
0.013249000000000066,0.00781455461160631,0.0,1.0,6.0,0.5,16.0,120.0,0.0,0.0,0.3,1.0
0.013249999999999984,0.007624228101791555,0.0,2.0,8.0,0.0,14.0,80.0,0.0,1.0,0.0,0.0
0.013268999999999975,0.007803238173989031,0.0,1.0,6.0,0.5,16.0,120.0,0.0,1.0,0.3,1.0
0.013270000000000004,0.0069741151091414775,0.0,2.0,6.0,0.0,16.0,100.0,0.0,0.0,0.3,0.0
0.013279999999999959,0.006961710469896489,0.0,2.0,6.0,0.0,16.0,100.0,0.0,1.0,0.3,0.0
0.01329900000000006,0.007940373538186081,0.0,2.0,6.0,0.5,16.0,120.0,0.0,1.0,0.3,1.0
0.013359999999999927,0.00822260466527979,0.0,0.0,6.0,0.5,16.0,120.0,0.0,1.0,0.0,0.0
0.01339900000000005,0.008019809044554039,0.0,2.0,6.0,0.5,16.0,120.0,0.0,0.0,0.0,1.0
0.01339900000000005,0.008019657104519731,0.0,2.0,6.0,0.5,16.0,120.0,0.0,1.0,0.0,1.0
0.013399999999999967,0.008234719725829329,0.0,0.0,6.0,0.5,16.0,120.0,0.0,0.0,0.0,0.0
0.013419999999999987,0.008208674052714204,0.0,0.0,6.0,0.5,16.0,120.0,0.0,1.0,0.3,0.0
0.013469999999999982,0.007857318084529935,0.0,1.0,6.0,0.0,14.0,100.0,0.0,1.0,0.0,0.0
0.013479999999999936,0.0082270989936825,0.0,0.0,6.0,0.5,16.0,120.0,0.0,0.0,0.3,0.0
0.013479999999999936,0.006862290736200847,0.0,1.0,6.0,0.0,16.0,120.0,0.0,1.0,0.0,0.0
0.013479999999999936,0.006898949039661878,0.0,1.0,6.0,0.0,16.0,120.0,0.0,1.0,0.3,0.0
0.013490000000000002,0.00688843282182098,0.0,1.0,6.0,0.0,16.0,120.0,0.0,0.0,0.0,0.0
0.013549999999999951,0.006917443549408916,0.0,1.0,6.0,0.0,16.0,120.0,0.0,0.0,0.3,0.0
0.013549999999999951,0.007947152907383456,0.0,2.0,8.0,1.0,16.0,100.0,0.0,0.0,0.0,1.0
0.013550000000000006,0.007817025961891688,0.0,1.0,6.0,0.0,14.0,100.0,0.0,1.0,0.3,0.0
0.013569999999999971,0.007925016607062855,0.0,2.0,8.0,1.0,16.0,100.0,0.0,1.0,0.0,1.0
0.013589999999999991,0.007863888826877028,0.0,1.0,6.0,0.0,14.0,100.0,0.0,0.0,0.0,0.0
0.013610000000000011,0.007820392909519256,0.0,1.0,6.0,0.0,14.0,100.0,0.0,0.0,0.3,0.0
0.013719999999999954,0.007912551168870881,0.0,2.0,8.0,1.0,16.0,100.0,0.0,1.0,0.3,1.0
0.013759999999999994,0.007921555173725066,0.0,2.0,8.0,1.0,16.0,100.0,0.0,0.0,0.3,1.0
0.013800000000000034,0.00868648021885692,0.0,0.0,8.0,1.0,14.0,80.0,0.0,0.0,0.3,0.0
0.013839000000000046,0.007919272230872373,0.0,1.0,6.0,0.5,16.0,120.0,0.0,0.0,0.3,0.0
0.013839000000000046,0.007903444823244716,0.0,1.0,6.0,0.5,16.0,120.0,0.0,1.0,0.3,0.0
0.013859999999999983,0.008688017209757188,0.0,0.0,8.0,1.0,14.0,80.0,0.0,1.0,0.3,0.0
0.013859999999999983,0.009401072480189565,0.0,2.0,8.0,0.5,14.0,60.0,0.0,0.0,0.0,0.0
0.013859999999999983,0.009404091233390173,0.0,2.0,8.0,0.5,14.0,60.0,0.0,1.0,0.0,0.0
0.01386900000000002,0.007936107596156792,0.0,1.0,6.0,0.5,16.0,120.0,0.0,1.0,0.0,0.0
0.013869999999999938,0.008717232023305802,0.0,0.0,8.0,1.0,14.0,80.0,0.0,0.0,0.0,0.0
0.013878999999999975,0.007955694308225127,0.0,1.0,6.0,0.5,16.0,120.0,0.0,0.0,0.0,0.0
0.013878999999999975,0.00830795825967152,0.0,2.0,6.0,0.5,16.0,120.0,0.0,1.0,0.3,0.0
0.013898999999999995,0.00834815912730553,0.0,2.0,6.0,0.5,16.0,120.0,0.0,0.0,0.3,0.0
0.013920000000000043,0.008566963682702329,0.0,2.0,8.0,0.5,14.0,80.0,0.0,1.0,0.3,1.0
0.01392899999999997,0.008382667749147178,0.0,2.0,6.0,0.5,16.0,120.0,0.0,0.0,0.0,0.0
0.01392899999999997,0.008367450078417838,0.0,2.0,6.0,0.5,16.0,120.0,0.0,1.0,0.0,0.0
0.013970000000000038,0.008707766269681767,0.0,0.0,8.0,1.0,14.0,80.0,0.0,1.0,0.0,0.0
0.013970000000000038,0.008573720273797911,0.0,2.0,8.0,0.5,14.0,80.0,0.0,0.0,0.3,1.0
0.013979999999999992,0.009383160254965826,0.0,2.0,8.0,0.5,14.0,60.0,0.0,1.0,0.3,0.0
0.014020000000000032,0.009388925158378334,0.0,2.0,8.0,0.5,14.0,60.0,0.0,0.0,0.3,0.0
0.014070000000000027,0.008604347613378466,0.0,2.0,8.0,0.5,14.0,80.0,0.0,1.0,0.0,1.0
0.01413999999999993,0.006942303284133344,0.0,0.0,6.0,0.0,14.0,100.0,0.0,0.0,0.0,1.0
0.01413999999999993,0.0069179152875650015,0.0,0.0,6.0,0.0,14.0,100.0,0.0,1.0,0.0,1.0
0.01417999999999997,0.00861336722129556,0.0,2.0,8.0,0.5,14.0,80.0,0.0,0.0,0.0,1.0
0.014270000000000005,0.007725791873592895,0.0,1.0,8.0,0.5,14.0,80.0,0.0,0.0,0.3,1.0
0.01427999999999996,0.006924967447443197,0.0,0.0,6.0,0.0,14.0,100.0,0.0,1.0,0.3,1.0
0.01428000000000007,0.008792564918830676,0.0,1.0,8.0,0.5,14.0,60.0,0.0,1.0,0.3,0.0
0.014289999999999914,0.006936403225282059,0.0,0.0,6.0,0.0,14.0,100.0,0.0,0.0,0.3,1.0
0.01429999999999998,0.008830345243030474,0.0,1.0,8.0,0.5,14.0,60.0,0.0,0.0,0.0,0.0
0.01429999999999998,0.00772029183386223,0.0,1.0,8.0,0.5,14.0,80.0,0.0,1.0,0.3,1.0
0.014310000000000045,0.008820699271011877,0.0,1.0,8.0,0.5,14.0,60.0,0.0,1.0,0.0,0.0
0.01432,0.008923853058371546,0.0,2.0,8.0,1.0,16.0,80.0,0.0,1.0,0.0,0.0
0.014330000000000065,0.008802905080247767,0.0,1.0,8.0,0.5,14.0,60.0,0.0,0.0,0.3,0.0
0.01434000000000002,0.00892459253556855,0.0,2.0,8.0,1.0,16.0,80.0,0.0,0.0,0.0,0.0
0.014349999999999974,0.0077306965380205565,0.0,1.0,8.0,0.5,14.0,80.0,0.0,1.0,0.0,1.0
0.01436000000000004,0.007750814155562891,0.0,1.0,8.0,0.5,14.0,80.0,0.0,0.0,0.0,1.0
0.01436000000000004,0.00892418852416368,0.0,2.0,8.0,1.0,16.0,80.0,0.0,1.0,0.3,0.0
0.014390000000000014,0.008927560244877978,0.0,2.0,8.0,1.0,16.0,80.0,0.0,0.0,0.3,0.0
0.014449000000000045,0.00827161326465398,0.0,1.0,6.0,0.0,14.0,80.0,0.0,0.0,0.3,1.0
0.014499999999999957,0.006964531416531312,0.0,2.0,6.0,0.0,16.0,100.0,0.0,1.0,0.0,1.0
0.014519999999999977,0.00697109716110954,0.0,2.0,6.0,0.0,16.0,100.0,0.0,0.0,0.0,1.0
0.014519999999999977,0.007570738703621889,0.0,2.0,8.0,0.0,14.0,80.0,0.0,0.0,0.0,1.0
0.014529000000000014,0.008289543618764982,0.0,1.0,6.0,0.0,14.0,80.0,0.0,1.0,0.0,1.0
0.014529000000000014,0.00827393001250625,0.0,1.0,6.0,0.0,14.0,80.0,0.0,1.0,0.3,1.0
0.014530000000000043,0.00755272019184455,0.0,2.0,8.0,0.0,14.0,80.0,0.0,1.0,0.0,1.0
0.014538999999999969,0.008308851598680079,0.0,1.0,6.0,0.0,14.0,80.0,0.0,0.0,0.0,1.0
0.014539999999999997,0.00729981035268622,0.0,1.0,6.0,0.0,16.0,120.0,0.0,1.0,0.3,1.0
0.014539999999999997,0.0075608847757780715,0.0,2.0,8.0,0.0,14.0,80.0,0.0,0.0,0.3,1.0
0.014549999999999952,0.008478247202672796,0.0,0.0,6.0,0.5,16.0,120.0,0.0,1.0,0.0,1.0
0.014549999999999952,0.007556764597708815,0.0,2.0,8.0,0.0,14.0,80.0,0.0,1.0,0.3,1.0
0.014589999999999992,0.008484397623699453,0.0,0.0,6.0,0.5,16.0,120.0,0.0,0.0,0.0,1.0
0.014589999999999992,0.00912940775735205,0.0,2.0,8.0,0.5,14.0,60.0,0.0,0.0,0.0,1.0
0.014599999999999946,0.008460018172644853,0.0,0.0,6.0,0.5,16.0,120.0,0.0,1.0,0.3,1.0
0.014599999999999946,0.007312799894451918,0.0,1.0,6.0,0.0,16.0,120.0,0.0,1.0,0.0,1.0
0.014600000000000057,0.009135692359580014,0.0,2.0,8.0,0.5,14.0,60.0,0.0,1.0,0.0,1.0
0.0146099999999999,0.006991739628807454,0.0,2.0,6.0,0.0,16.0,100.0,0.0,0.0,0.3,1.0
0.014619999999999966,0.007338763600579124,0.0,1.0,6.0,0.0,16.0,120.0,0.0,0.0,0.3,1.0
0.01462999999999992,0.007340801202613781,0.0,1.0,6.0,0.0,16.0,120.0,0.0,0.0,0.0,1.0
0.014639999999999986,0.00698035667665579,0.0,2.0,6.0,0.0,16.0,100.0,0.0,1.0,0.3,1.0
0.01468999999999998,0.0084829053854076,0.0,0.0,6.0,0.5,16.0,120.0,0.0,0.0,0.3,1.0
0.014720000000000066,0.009087430232041525,0.0,2.0,8.0,0.5,14.0,60.0,0.0,0.0,0.3,1.0
0.014720000000000066,0.008883501024058278,0.0,2.0,8.0,0.5,14.0,80.0,0.0,0.0,0.3,0.0
0.01473000000000002,0.009106668582235022,0.0,2.0,8.0,0.5,14.0,60.0,0.0,1.0,0.3,1.0
0.014739999999999975,0.008250019084153001,0.0,1.0,8.0,1.0,16.0,100.0,0.0,0.0,0.3,0.0
0.014739999999999975,0.008246421899717964,0.0,1.0,8.0,1.0,16.0,100.0,0.0,1.0,0.0,0.0
0.01475000000000004,0.00823699932328829,0.0,1.0,8.0,1.0,16.0,100.0,0.0,1.0,0.3,0.0
0.014780000000000015,0.008270691945614899,0.0,1.0,8.0,1.0,16.0,100.0,0.0,0.0,0.0,0.0
0.01482,0.009141847900563478,0.0,2.0,6.0,1.0,16.0,60.0,0.3,1.0,0.3,1.0
0.014839999999999964,0.01020460611684741,0.0,1.0,6.0,1.0,16.0,60.0,0.3,1.0,0.0,0.0
0.014839999999999964,0.008884931901195917,0.0,2.0,8.0,0.5,14.0,80.0,0.0,1.0,0.3,0.0
0.01485000000000003,0.008735863717394446,0.0,2.0,8.0,1.0,16.0,80.0,0.0,0.0,0.0,1.0
0.014880000000000004,0.009119727014270475,0.0,2.0,6.0,1.0,16.0,60.0,0.3,1.0,0.0,1.0
0.014880000000000004,0.008929414816378675,0.0,2.0,8.0,0.5,14.0,80.0,0.0,0.0,0.0,0.0
0.014880000000000004,0.008732202433139827,0.0,2.0,8.0,1.0,16.0,80.0,0.0,1.0,0.0,1.0
0.01489000000000007,0.00872499895362405,0.0,2.0,8.0,1.0,16.0,80.0,0.0,1.0,0.3,1.0
0.014900000000000024,0.008747068634902988,0.0,2.0,8.0,1.0,16.0,80.0,0.0,0.0,0.3,1.0
0.014920000000000044,0.008925215220975963,0.0,2.0,8.0,0.5,14.0,80.0,0.0,1.0,0.0,0.0
0.014939999999999953,0.007529855347585071,0.0,2.0,8.0,0.5,16.0,100.0,0.0,1.0,0.0,0.0
0.014940000000000064,0.009350994246998933,0.0,1.0,8.0,1.0,16.0,80.0,0.0,1.0,0.0,0.0
0.014949999999999908,0.010231332707079887,0.0,1.0,6.0,1.0,16.0,60.0,0.3,0.0,0.0,0.0
0.014949999999999963,0.009146689184455586,0.0,2.0,6.0,1.0,16.0,60.0,0.3,0.0,0.0,1.0
0.014950000000000019,0.00754271677649178,0.0,2.0,8.0,0.5,16.0,100.0,0.0,0.0,0.0,0.0
0.014959999999999973,0.009365664521320722,0.0,1.0,8.0,1.0,16.0,80.0,0.0,0.0,0.0,0.0
0.014979999999999993,0.009169307381250325,0.0,2.0,6.0,1.0,16.0,60.0,0.3,0.0,0.3,1.0
0.014989999999999948,0.007517250093149943,0.0,2.0,8.0,0.5,16.0,100.0,0.0,1.0,0.3,0.0
0.014990000000000059,0.008649232382981438,0.0,1.0,8.0,0.5,14.0,60.0,0.0,1.0,0.0,1.0
0.015000000000000013,0.009320822730337169,0.0,1.0,8.0,1.0,16.0,80.0,0.0,0.0,0.3,0.0
0.015000000000000013,0.0075401124905647285,0.0,2.0,8.0,0.5,16.0,100.0,0.0,0.0,0.3,0.0
0.015009999999999968,0.008904894829582536,0.0,0.0,8.0,0.5,14.0,60.0,0.0,0.0,0.3,0.0
0.015009999999999968,0.009325569592374608,0.0,1.0,8.0,1.0,16.0,80.0,0.0,1.0,0.3,0.0
0.015040000000000053,0.008674069919188048,0.0,1.0,8.0,0.5,14.0,60.0,0.0,0.0,0.0,1.0
0.015059999999999962,0.008898256470917324,0.0,0.0,8.0,0.5,14.0,60.0,0.0,1.0,0.3,0.0
0.015059999999999962,0.008644029628721892,0.0,1.0,8.0,0.5,14.0,60.0,0.0,0.0,0.3,1.0
0.015069999999999917,0.01023630644830953,0.0,1.0,6.0,1.0,16.0,60.0,0.3,1.0,0.3,0.0
0.015079999999999982,0.008894184412882967,0.0,0.0,8.0,0.5,14.0,60.0,0.0,1.0,0.0,0.0
0.015100000000000002,0.008662095764711735,0.0,0.0,8.0,1.0,14.0,80.0,0.0,0.0,0.0,1.0
0.015100000000000002,0.008620265790351024,0.0,0.0,8.0,1.0,14.0,80.0,0.0,1.0,0.3,1.0
0.015109999999999957,0.008914768150949577,0.0,0.0,8.0,0.5,14.0,60.0,0.0,0.0,0.0,0.0
0.015109999999999957,0.008634350223252329,0.0,0.0,8.0,1.0,14.0,80.0,0.0,0.0,0.3,1.0
0.015109999999999957,0.010254492496967858,0.0,1.0,6.0,1.0,16.0,60.0,0.3,0.0,0.3,0.0
0.015110000000000068,0.009433593129520336,0.0,2.0,6.0,0.5,16.0,60.0,0.3,1.0,0.0,0.0
0.015120000000000022,0.008657506145921388,0.0,1.0,8.0,0.5,14.0,60.0,0.0,1.0,0.3,1.0
0.015148999999999968,0.009533072688744617,0.0,0.0,6.0,0.5,16.0,100.0,0.0,1.0,0.3,0.0
0.015149999999999997,0.00865307781252599,0.0,0.0,8.0,1.0,14.0,80.0,0.0,1.0,0.0,1.0
0.015159000000000034,0.00955307660739022,0.0,0.0,6.0,0.5,16.0,100.0,0.0,0.0,0.3,0.0
0.015160000000000062,0.009465524504650961,0.0,2.0,6.0,0.5,16.0,60.0,0.3,0.0,0.0,0.0
0.015160000000000062,0.009483262803877544,0.0,2.0,6.0,0.5,16.0,60.0,0.3,1.0,0.3,0.0
0.015189000000000008,0.008631663763917875,0.0,1.0,6.0,0.0,14.0,80.0,0.0,0.0,0.3,0.0
0.015190000000000037,0.008767011657766123,0.0,2.0,6.0,0.0,16.0,80.0,0.0,1.0,0.0,0.0
0.015198999999999963,0.009548884600366202,0.0,0.0,6.0,0.5,16.0,100.0,0.0,0.0,0.0,0.0
0.015198999999999963,0.009535055831179137,0.0,0.0,6.0,0.5,16.0,100.0,0.0,1.0,0.0,0.0
0.015198999999999963,0.008624972875963761,0.0,1.0,6.0,0.0,14.0,80.0,0.0,1.0,0.3,0.0
0.015229999999999966,0.009501954266827883,0.0,2.0,6.0,0.5,16.0,60.0,0.3,0.0,0.3,0.0
0.015240000000000031,0.008780929593073744,0.0,2.0,6.0,0.0,16.0,80.0,0.0,1.0,0.3,0.0
0.01527999999999996,0.008767956394356272,0.0,2.0,6.0,0.0,16.0,80.0,0.0,0.0,0.0,0.0
0.015288999999999997,0.008691216430226367,0.0,1.0,6.0,0.0,14.0,80.0,0.0,0.0,0.0,0.0
0.015309000000000017,0.008688357007022739,0.0,1.0,6.0,0.0,14.0,80.0,0.0,1.0,0.0,0.0
0.015329999999999955,0.008772703122417494,0.0,2.0,6.0,0.0,16.0,80.0,0.0,0.0,0.3,0.0
0.015490000000000004,0.007281380572188006,0.0,1.0,8.0,0.0,14.0,80.0,0.0,1.0,0.3,0.0
0.015510000000000024,0.007310536186445784,0.0,1.0,8.0,0.0,14.0,80.0,0.0,0.0,0.0,0.0
0.015510000000000024,0.0073000288228756115,0.0,1.0,8.0,0.0,14.0,80.0,0.0,0.0,0.3,0.0
0.015530000000000044,0.0073048535412600386,0.0,1.0,8.0,0.0,14.0,80.0,0.0,1.0,0.0,0.0
0.015599999999999947,0.007722198406038395,0.0,0.0,6.0,0.0,14.0,80.0,0.0,0.0,0.0,0.0
0.015619999999999967,0.007791698340993254,0.0,0.0,8.0,0.5,14.0,80.0,0.0,0.0,0.0,0.0
0.015639999999999987,0.00927152846482573,0.0,1.0,8.0,1.0,16.0,80.0,0.0,1.0,0.0,1.0
0.015649999999999942,0.0077112691994681605,0.0,0.0,6.0,0.0,14.0,80.0,0.0,1.0,0.0,0.0
0.015649999999999942,0.007765611759546056,0.0,0.0,8.0,0.5,14.0,80.0,0.0,0.0,0.3,0.0
0.015649999999999942,0.007753032768608095,0.0,0.0,8.0,0.5,14.0,80.0,0.0,1.0,0.3,0.0
0.015679,0.009313209658766837,0.0,0.0,6.0,0.5,14.0,100.0,0.0,1.0,0.3,1.0
0.015680000000000027,0.009261655603536466,0.0,1.0,8.0,1.0,16.0,80.0,0.0,1.0,0.3,1.0
0.015689999999999982,0.007782871654163705,0.0,0.0,8.0,0.5,14.0,80.0,0.0,1.0,0.0,0.0
0.01569900000000002,0.009336397358169234,0.0,0.0,6.0,0.5,14.0,100.0,0.0,0.0,0.3,1.0
0.015699999999999936,0.007705564083949434,0.0,0.0,6.0,0.0,14.0,80.0,0.0,1.0,0.3,0.0
0.015700000000000047,0.00929363171448301,0.0,1.0,8.0,1.0,16.0,80.0,0.0,0.0,0.0,1.0
0.01572999999999991,0.007713332473830708,0.0,0.0,6.0,0.0,14.0,80.0,0.0,0.0,0.3,0.0
0.015749000000000013,0.009380230278307346,0.0,0.0,6.0,0.5,14.0,100.0,0.0,0.0,0.0,1.0
0.015749000000000013,0.00937748817746619,0.0,0.0,6.0,0.5,14.0,100.0,0.0,1.0,0.0,1.0
0.015750000000000042,0.009296846303192543,0.0,1.0,8.0,1.0,16.0,80.0,0.0,0.0,0.3,1.0
0.015849999999999975,0.009124047392183714,0.0,2.0,6.0,1.0,16.0,60.0,0.3,1.0,0.0,0.0
0.015880000000000005,0.009145064651574717,0.0,2.0,6.0,1.0,16.0,60.0,0.3,1.0,0.3,0.0
0.01591999999999999,0.009138865319793979,0.0,2.0,6.0,1.0,16.0,60.0,0.3,0.0,0.0,0.0
0.01593,0.008229006334865665,0.0,1.0,8.0,1.0,16.0,100.0,0.0,1.0,0.3,1.0
0.01595000000000002,0.008146029121261753,0.0,2.0,8.0,0.5,16.0,120.0,0.0,1.0,0.3,0.0
0.015959999999999974,0.008263224153283467,0.0,1.0,8.0,1.0,16.0,100.0,0.0,0.0,0.3,1.0
0.015979999999999994,0.0082360396406867,0.0,1.0,8.0,1.0,16.0,100.0,0.0,1.0,0.0,1.0
0.015979999999999994,0.008186344596451579,0.0,2.0,8.0,0.5,16.0,120.0,0.0,0.0,0.0,0.0
